,accuracy,precision,recall,f1,kapppa,set,modelo
0,0.717391304347826,0.675,0.8059701492537313,0.7346938775510204,0.437382395985783,test,Regresión logistica estandar
1,0.7563636363636363,0.7109144542772862,0.8700361010830325,0.7824675324675324,0.5119011351444429,train,Regresión logistica estandar
