,accuracy,precision,recall,f1,kapppa,set,modelo
0,0.8405797101449275,0.8260869565217391,0.8507462686567164,0.838235294117647,0.6811594202898551,test,Random Forest
1,0.990909090909091,0.9822695035460993,1.0,0.9910554561717353,0.9818148153046514,train,Random Forest
0,0.7028985507246377,0.6625,0.7910447761194029,0.7210884353741497,0.408530211164541,test,Regresión logistica estandar
1,0.7436363636363637,0.7035928143712575,0.8483754512635379,0.7692307692307692,0.4864714529778695,train,Regresión logistica estandar
2,0.8115942028985508,0.8596491228070176,0.7313432835820896,0.7903225806451613,0.6212792906903104,test,Decission Tree I
3,1.0,1.0,1.0,1.0,1.0,train,Decission Tree I
4,0.855072463768116,0.8852459016393442,0.8059701492537313,0.84375,0.7091675447839831,test,Decision Tree II
5,0.9818181818181818,1.0,0.9638989169675092,0.9816176470588236,0.9636440554725612,train,Decision Tree II
