,MAE,MSE,RMSE,R2,set,modelo
0,10.111188896882814,290.5436520282206,17.04534106517733,0.8693773428178959,test,Random Forest
1,10.342075197739653,334.65294902441667,18.29352205083583,0.8574959102392081,train,Random Forest
0,14.216181985572858,622.4047275853948,24.948040556031547,0.7201791923782551,test,Linear Regresion
1,14.404211107613484,611.5069659830956,24.7286668864922,0.7396041366919299,train,LinearRegression
0,4.3921568627450975,300.9966013071896,17.349253623922547,0.8646779043662994,test,Decission Tree I Noe y Lola
1,0.1078085148126349,8.462968412791838,2.9091181503665053,0.9963962438883176,train,Decission Tree I Noe y Lola
0,13.279861321544804,477.1446292443164,21.843640475990178,0.7854852484403659,test,Decision tree II Noe y Lola
1,13.036660522977211,484.8550828058401,22.019425124326933,0.793535863220203,train,Decision tree II Noe y Lola
