MAE,MSE,RMSE,R2,set,modelo
14.216181985572858,622.4047275853948,24.948040556031547,0.7201791923782551,test,Linear Regresion
14.404211107613483,611.5069659830956,24.728666886492196,0.7396041366919299,train,LinearRegression
